36.9,577917796,864,668886.3,616803.0,414882,924549,185414.0,"void marlin_moe_wna16::Marlin<(long)1125899906910725, (long)1125899907892224, (long)1125899906910725, (long)1125899906910725, (int)256, (int)4, (int)16, (int)4, (bool)0, (int)4, (int)8, (bool)0>(const int4 *, const int4 *, int4 *, int4 *, const int4 *, const float *, const int4 *, const float *, const int4 *, const int *, const int *, const int *, const int *, const float *, int, bool, int, int, int, int, int *, bool, bool, bool)"
14.2,222412130,1392,159778.8,150305.0,40352,226369,46980.2,"void marlin::Marlin<(long)1125899906910725, (long)1125899907892224, (long)1125899906910725, (long)1125899906910725, (int)256, (int)4, (int)16, (int)4, (bool)0, (int)4, (int)8, (bool)0>(const int4 *, const int4 *, int4 *, int4 *, const int4 *, const float *, const int4 *, const float *, const int4 *, const int *, int, int, int, int, int, int *, bool, bool, bool, int)"
13.3,207763195,258,805283.7,805476.0,778628,835108,4217.1,void cutlass::Kernel2<cutlass_80_wmma_tensorop_f16_s161616gemm_f16_32x32_32x2_tn_align8>(T1::Params)
3.7,57803637,12384,4667.6,4416.0,3488,14048,842.0,"void marlin::gptq_marlin_repack_kernel<(int)256, (int)4, (bool)0, (bool)0>(const unsigned int *, const unsigned int *, unsigned int *, int, int)"
3.2,49490258,264,187463.1,169984.5,158817,1437863,105125.1,_topk_topp_kernel
3.0,47543360,480,99048.7,104993.0,12480,154913,44548.4,"void flash::flash_fwd_splitkv_kernel<Flash_fwd_kernel_traits<(int)128, (int)64, (int)128, (int)4, (bool)0, (bool)0, cutlass::half_t, Flash_kernel_traits<(int)128, (int)64, (int)128, (int)4, cutlass::half_t>>, (bool)1, (bool)0, (bool)0, (bool)0, (bool)1, (bool)0, (bool)0, (bool)0>(flash::Flash_fwd_params)"
2.9,45192686,25488,1773.1,1792.0,1600,2208,54.4,"void at::native::elementwise_kernel<(int)128, (int)4, void at::native::gpu_kernel_impl_nocast<at::native::direct_copy_kernel_cuda(at::TensorIteratorBase &)::[lambda() (instance 3)]::operator ()() const::[lambda() (instance 10)]::operator ()() const::[lambda(c10::Half) (instance 1)]>(at::TensorIteratorBase &, const T1 &)::[lambda(int) (instance 1)]>(int, T3)"
2.6,40548780,2208,18364.5,18944.0,10208,67616,7222.7,"void marlin_moe_wna16::Marlin<(long)1125899906910725, (long)1125899907892224, (long)1125899906910725, (long)1125899906910725, (int)128, (int)1, (int)8, (int)4, (bool)1, (int)4, (int)8, (bool)0>(const int4 *, const int4 *, int4 *, int4 *, const int4 *, const float *, const int4 *, const float *, const int4 *, const int *, const int *, const int *, const int *, const float *, int, bool, int, int, int, int, int *, bool, bool, bool)"
2.5,39762402,12389,3209.5,3200.0,3008,3840,82.3,"void at::native::index_elementwise_kernel<(int)128, (int)4, void at::native::gpu_index_kernel<void at::native::index_kernel_impl<at::native::OpaqueType<(int)2>>(at::TensorIteratorBase &, c10::ArrayRef<long>, c10::ArrayRef<long>)::[lambda(char *, const char *, long) (instance 1)]>(at::TensorIteratorBase &, c10::ArrayRef<long>, c10::ArrayRef<long>, const T1 &, bool)::[lambda(int) (instance 1)]>(long, T3)"
2.5,38917934,1632,23846.8,3296.0,2976,88801,34109.4,"void at::native::reduce_kernel<(int)128, (int)4, at::native::ReduceOp<c10::Half, at::native::func_wrapper_t<c10::Half, at::native::sum_functor<c10::Half, float, c10::Half>::operator ()(at::TensorIterator &)::[lambda(float, float) (instance 1)]>, unsigned int, c10::Half, (int)4, (int)8>>(T3)"
1.8,28410274,1632,17408.3,1696.0,1376,69024,26107.7,"void vllm::act_and_mul_kernel<c10::Half, __half2, &vllm::silu_kernel<c10::Half>, &vllm::packed_silu_kernel<__half2>, (bool)1, (bool)1, (bool)0, (bool)0>(T1 *, const T1 *, int, float)"
1.8,27730446,192,144429.4,134833.0,76768,256769,48504.3,"void marlin_moe_wna16::Marlin<(long)1125899906910725, (long)1125899907892224, (long)1125899906910725, (long)1125899906910725, (int)128, (int)2, (int)8, (int)4, (bool)0, (int)4, (int)8, (bool)0>(const int4 *, const int4 *, int4 *, int4 *, const int4 *, const float *, const int4 *, const float *, const int4 *, const int *, const int *, const int *, const int *, const float *, int, bool, int, int, int, int, int *, bool, bool, bool)"
1.6,24723774,12576,1965.9,1888.0,1280,6784,306.0,"void at::native::elementwise_kernel<(int)128, (int)2, void at::native::gpu_kernel_impl_nocast<at::native::direct_copy_kernel_cuda(at::TensorIteratorBase &)::[lambda() (instance 3)]::operator ()() const::[lambda() (instance 3)]::operator ()() const::[lambda(int) (instance 1)]>(at::TensorIteratorBase &, const T1 &)::[lambda(int) (instance 1)]>(int, T3)"
0.9,13644198,672,20303.9,17728.5,15616,36960,6120.4,"void marlin::Marlin<(long)1125899906910725, (long)1125899907892224, (long)1125899906910725, (long)1125899906910725, (int)128, (int)4, (int)4, (int)8, (bool)0, (int)4, (int)8, (bool)0>(const int4 *, const int4 *, int4 *, int4 *, const int4 *, const float *, const int4 *, const float *, const int4 *, const int *, int, int, int, int, int, int *, bool, bool, bool, int)"
0.9,13370342,266,50264.4,50592.5,46976,53280,1073.3,"void at::native::<unnamed>::cunn_SoftMaxForward<(int)4, float, float, float, at::native::<unnamed>::SoftMaxForwardEpilogue>(T4 *, const T2 *, int)"
0.7,10293846,1598,6441.7,2016.0,1728,25664,7395.8,triton_red_fused__to_copy_add_marlin_gemm_mean_mul_pow_rsqrt_1
0.6,9733521,1598,6091.1,1424.0,1120,19681,7708.0,triton_red_fused_2
0.6,9654228,1632,5915.6,1856.0,1600,19552,6743.3,triton_red_fused__to_copy_add_mean_moe_forward_mul_pow_rsqrt_0
0.5,7533314,672,11210.3,11168.0,10400,12032,391.2,"void marlin::Marlin<(long)1125899906910725, (long)1125899907892224, (long)1125899906910725, (long)1125899906910725, (int)128, (int)2, (int)4, (int)8, (bool)0, (int)4, (int)8, (bool)0>(const int4 *, const int4 *, int4 *, int4 *, const int4 *, const float *, const int4 *, const float *, const int4 *, const int *, int, int, int, int, int, int *, bool, bool, bool, int)"
0.4,6813600,1632,4175.0,4096.0,3104,5632,595.4,"void vllm::moe::topkGating<(int)8, (int)128, (int)4, (int)16, (int)32, int, __half, (vllm::moe::ScoringFunc)0>(const T7 *, const bool *, float *, int, T6 *, int *, int, int, int, bool, const float *)"
0.4,6554918,1598,4102.0,1536.0,1312,12224,4236.1,triton_poi_fused_3
0.4,6191254,2208,2804.0,1024.0,896,11808,3768.6,"void vllm::reshape_and_cache_flash_kernel<unsigned short, unsigned short, (vllm::Fp8KVCacheDataType)0>(const T1 *, const T1 *, T2 *, T2 *, const long *, long, long, long, long, long, int, int, int, const float *, const float *, int)"
0.4,6008182,1632,3681.5,2976.0,2656,5952,1196.4,"void vllm::moe::moe_align_block_size_kernel<int>(const T1 *, int *, int *, int *, int *, int, int, int, int, unsigned long, int *, int, int, bool)"
0.4,5598680,432,12959.9,13008.5,11904,14208,376.0,ampere_fp16_s16816gemm_fp16_64x64_ldg8_f2f_stages_64x5_tn
0.3,4643925,198,23454.2,3040.0,2944,683843,115587.8,void cutlass::Kernel2<cutlass_80_wmma_tensorop_f16_s161616gemm_f16_16x16_128x2_tn_align8>(T1::Params)
0.3,4182065,96,43563.2,24816.0,1472,88801,42438.7,"void at::native::vectorized_elementwise_kernel<(int)4, at::native::FillFunctor<signed char>, std::array<char *, (unsigned long)1>>(int, T2, T3)"
0.3,4146839,1632,2541.0,1312.0,1120,8992,2128.4,"void vllm::moe::count_and_sort_expert_tokens_kernel<int>(const T1 *, int *, int *, int *, unsigned long, int, int, int, bool)"
0.3,4063128,432,9405.4,9792.0,5792,10464,1218.1,"void marlin::Marlin<(long)1125899906910725, (long)1125899907892224, (long)1125899906910725, (long)1125899906910725, (int)256, (int)1, (int)8, (int)8, (bool)1, (int)4, (int)8, (bool)0>(const int4 *, const int4 *, int4 *, int4 *, const int4 *, const float *, const int4 *, const float *, const int4 *, const int *, int, int, int, int, int, int *, bool, bool, bool, int)"
0.3,3923441,265,14805.4,15136.0,2337,16192,1718.9,"void at::native::vectorized_elementwise_kernel<(int)4, at::native::BinaryFunctor<float, float, float, at::native::binary_internal::DivFunctor<float>>, std::array<char *, (unsigned long)3>>(int, T2, T3)"
0.2,3846157,432,8903.1,9248.0,5792,9536,1039.5,"void marlin::Marlin<(long)1125899906910725, (long)1125899907892224, (long)1125899906910725, (long)1125899906910725, (int)128, (int)1, (int)4, (int)8, (bool)1, (int)4, (int)8, (bool)0>(const int4 *, const int4 *, int4 *, int4 *, const int4 *, const float *, const int4 *, const float *, const int4 *, const int *, int, int, int, int, int, int *, bool, bool, bool, int)"
0.2,3138581,265,11843.7,12128.0,2272,12736,1149.7,"void at::native::unrolled_elementwise_kernel<at::native::direct_copy_kernel_cuda(at::TensorIteratorBase &)::[lambda() (instance 3)]::operator ()() const::[lambda() (instance 7)]::operator ()() const::[lambda(float) (instance 1)], std::array<char *, (unsigned long)2>, (int)4, TrivialOffsetCalculator<(int)1, unsigned int>, TrivialOffsetCalculator<(int)1, unsigned int>, at::native::memory::LoadWithCast<(int)1>, at::native::memory::StoreWithCast<(int)1>>(int, T1, T2, T4, T5, T6, T7)"
0.2,3062418,265,11556.3,11840.0,1984,12192,1216.0,"void at::native::elementwise_kernel<(int)128, (int)2, void at::native::gpu_kernel_impl_nocast<at::native::BinaryFunctor<float, float, float, at::native::binary_internal::DivFunctor<float>>>(at::TensorIteratorBase &, const T1 &)::[lambda(int) (instance 1)]>(int, T3)"
0.2,2885482,432,6679.4,6656.0,6112,7296,267.5,"void flash::flash_fwd_splitkv_kernel<Flash_fwd_kernel_traits<(int)128, (int)64, (int)128, (int)4, (bool)0, (bool)0, cutlass::half_t, Flash_kernel_traits<(int)128, (int)64, (int)128, (int)4, cutlass::half_t>>, (bool)0, (bool)0, (bool)0, (bool)0, (bool)1, (bool)0, (bool)0, (bool)0>(flash::Flash_fwd_params)"
0.2,2789358,267,10447.0,10592.0,5920,12961,626.5,"void at::native::reduce_kernel<(int)512, (int)1, at::native::ReduceOp<float, at::native::ArgMaxOps<float>, unsigned int, long, (int)4, (int)4>>(T3)"
0.2,2750674,265,10379.9,10624.0,2624,11488,1125.5,"void at::native::<unnamed>::distribution_elementwise_grid_stride_kernel<float, (int)4, void at::native::templates::cuda::uniform_and_transform<float, float, at::CUDAGeneratorImpl *, void at::native::templates::cuda::exponential_kernel<at::CUDAGeneratorImpl *>(at::TensorIteratorBase &, double, T1)::[lambda() (instance 1)]::operator ()() const::[lambda() (instance 2)]::operator ()() const::[lambda(float) (instance 1)]>(at::TensorIteratorBase &, T3, T4)::[lambda(curandStatePhilox4_32_10 *) (instance 2)], void at::native::<unnamed>::distribution_nullary_kernel<float, float, float4, at::CUDAGeneratorImpl *, void at::native::templates::cuda::uniform_and_transform<float, float, at::CUDAGeneratorImpl *, void at::native::templates::cuda::exponential_kernel<at::CUDAGeneratorImpl *>(at::TensorIteratorBase &, double, T1)::[lambda() (instance 1)]::operator ()() const::[lambda() (instance 2)]::operator ()() const::[lambda(float) (instance 1)]>(at::TensorIteratorBase &, T3, T4)::[lambda(curandStatePhilox4_32_10 *) (instance 2)], void at::native::templates::cuda::exponential_kernel<at::CUDAGeneratorImpl *>(at::TensorIteratorBase &, double, T1)::[lambda() (instance 1)]::operator ()() const::[lambda() (instance 2)]::operator ()() const::[lambda(float) (instance 1)]>(at::TensorIteratorBase &, T4, const T5 &, T6)::[lambda(int, float) (instance 1)]>(long, at::PhiloxCudaState, T3, T4)"
0.2,2725230,192,14193.9,14193.0,13248,15136,687.7,"void marlin::Marlin<(long)1125899906910725, (long)1125899907892224, (long)1125899906910725, (long)1125899906910725, (int)128, (int)3, (int)4, (int)8, (bool)0, (int)4, (int)8, (bool)0>(const int4 *, const int4 *, int4 *, int4 *, const int4 *, const float *, const int4 *, const float *, const int4 *, const int *, int, int, int, int, int, int *, bool, bool, bool, int)"
0.1,2186950,192,11390.4,11392.0,11168,11680,104.8,void cutlass::Kernel2<cutlass_80_wmma_tensorop_f16_s161616gemm_f16_16x16_128x1_tn_align8>(T1::Params)
0.1,2156297,720,2994.9,2784.0,2528,4736,583.0,void cutlass::Kernel2<cutlass_80_wmma_tensorop_f16_s161616gemm_f16_32x32_128x2_tn_align8>(T1::Params)
0.1,1952809,2056,949.8,960.0,864,1312,45.4,"void at::native::vectorized_elementwise_kernel<(int)4, at::native::FillFunctor<int>, std::array<char *, (unsigned long)1>>(int, T2, T3)"
0.1,1762151,1538,1145.7,896.0,832,9984,1264.8,"void at::native::vectorized_elementwise_kernel<(int)4, at::native::FillFunctor<c10::Half>, std::array<char *, (unsigned long)1>>(int, T2, T3)"
0.1,1328169,912,1456.3,1504.0,1312,1632,71.6,"void cublasLt::splitKreduce_kernel<(int)32, (int)16, int, __half, __half, float, __half, (bool)0, __half, __half, __half, (bool)1, (bool)0, (bool)0>(cublasLt::cublasSplitKParams<T6>, const T4 *, const T10 *, T9 *, T5 *, const T6 *, const T6 *, const T11 *, const T4 *, T11 *, void *, long, T6 *, int *, T6 *, T6 *, const T6 *, const T6 *, const T6 *, const T6 *, const T6 *)"
0.1,1209572,1345,899.3,896.0,800,1440,36.9,"void at::native::vectorized_elementwise_kernel<(int)2, at::native::FillFunctor<long>, std::array<char *, (unsigned long)1>>(int, T2, T3)"
0.1,1030791,96,10737.4,10720.0,10464,11200,144.0,"void marlin::Marlin<(long)1125899906910725, (long)1125899907892224, (long)1125899906910725, (long)1125899906910725, (int)256, (int)1, (int)8, (int)8, (bool)0, (int)4, (int)8, (bool)0>(const int4 *, const int4 *, int4 *, int4 *, const int4 *, const float *, const int4 *, const float *, const int4 *, const int *, int, int, int, int, int, int *, bool, bool, bool, int)"
0.1,943142,96,9824.4,9824.0,9600,10080,108.0,"void marlin::Marlin<(long)1125899906910725, (long)1125899907892224, (long)1125899906910725, (long)1125899906910725, (int)128, (int)1, (int)4, (int)8, (bool)0, (int)4, (int)8, (bool)0>(const int4 *, const int4 *, int4 *, int4 *, const int4 *, const float *, const int4 *, const float *, const int4 *, const int *, int, int, int, int, int, int *, bool, bool, bool, int)"
0.1,822180,527,1560.1,1632.0,1280,2208,185.1,"void at::native::unrolled_elementwise_kernel<at::native::direct_copy_kernel_cuda(at::TensorIteratorBase &)::[lambda() (instance 3)]::operator ()() const::[lambda() (instance 4)]::operator ()() const::[lambda(long) (instance 1)], std::array<char *, (unsigned long)2>, (int)4, TrivialOffsetCalculator<(int)1, unsigned int>, TrivialOffsetCalculator<(int)1, unsigned int>, at::native::memory::LoadWithCast<(int)1>, at::native::memory::StoreWithCast<(int)1>>(int, T1, T2, T4, T5, T6, T7)"
0.0,653476,1,653476.0,653476.0,653476,653476,0.0,"std::enable_if<!T7, void>::type internal::gemvx::kernel<int, int, __half, __half, __half, float, (bool)0, (bool)1, (bool)1, (bool)0, (int)6, (bool)0, cublasGemvParamsEx<int, cublasGemvTensorStridedBatched<const __half>, cublasGemvTensorStridedBatched<const __half>, cublasGemvTensorStridedBatched<__half>, float>>(T13)"
0.0,583268,272,2144.4,2112.0,1632,3361,222.7,"void at::native::index_elementwise_kernel<(int)128, (int)4, void at::native::gpu_index_kernel<void at::native::index_kernel_impl<at::native::OpaqueType<(int)4>>(at::TensorIteratorBase &, c10::ArrayRef<long>, c10::ArrayRef<long>)::[lambda(char *, const char *, long) (instance 1)]>(at::TensorIteratorBase &, c10::ArrayRef<long>, c10::ArrayRef<long>, const T1 &, bool)::[lambda(int) (instance 1)]>(long, T3)"
0.0,550051,384,1432.4,1440.0,1312,1568,92.6,"void at::native::elementwise_kernel<(int)128, (int)2, void at::native::gpu_kernel_impl_nocast<at::native::direct_copy_kernel_cuda(at::TensorIteratorBase &)::[lambda() (instance 3)]::operator ()() const::[lambda() (instance 7)]::operator ()() const::[lambda(float) (instance 1)]>(at::TensorIteratorBase &, const T1 &)::[lambda(int) (instance 1)]>(int, T3)"
0.0,538851,263,2048.9,2048.0,1888,2272,45.1,_compute_slot_mapping_kernel
0.0,440802,304,1450.0,1472.0,1120,1632,84.9,"void at::native::vectorized_gather_kernel<(int)16, long>(char *, char *, T2 *, int, long, long, long, long, bool)"
0.0,354787,267,1328.8,1344.0,1056,1472,38.3,"void at::native::unrolled_elementwise_kernel<at::native::direct_copy_kernel_cuda(at::TensorIteratorBase &)::[lambda() (instance 3)]::operator ()() const::[lambda() (instance 3)]::operator ()() const::[lambda(int) (instance 1)], std::array<char *, (unsigned long)2>, (int)4, TrivialOffsetCalculator<(int)1, unsigned int>, TrivialOffsetCalculator<(int)1, unsigned int>, at::native::memory::LoadWithCast<(int)1>, at::native::memory::StoreWithCast<(int)1>>(int, T1, T2, T4, T5, T6, T7)"
0.0,300193,263,1141.4,1152.0,1088,1376,44.8,"void at::native::vectorized_elementwise_kernel<(int)2, at::native::CUDAFunctor_add<long>, std::array<char *, (unsigned long)3>>(int, T2, T3)"
0.0,274144,263,1042.4,1056.0,992,1216,36.4,"void at::native::vectorized_elementwise_kernel<(int)4, at::native::CUDAFunctor_add<int>, std::array<char *, (unsigned long)3>>(int, T2, T3)"
0.0,254146,263,966.3,960.0,896,1024,25.9,"void at::native::unrolled_elementwise_kernel<at::native::CUDAFunctorOnSelf_add<int>, std::array<char *, (unsigned long)2>, (int)4, TrivialOffsetCalculator<(int)1, unsigned int>, TrivialOffsetCalculator<(int)1, unsigned int>, at::native::memory::LoadWithoutCast, at::native::memory::StoreWithoutCast>(int, T1, T2, T4, T5, T6, T7)"
0.0,242018,96,2521.0,2528.0,2400,2816,79.4,"std::enable_if<!T7, void>::type internal::gemvx::kernel<int, int, __half, __half, __half, float, (bool)0, (bool)1, (bool)1, (bool)0, (int)7, (bool)0, cublasGemvParamsEx<int, cublasGemvTensorStridedBatched<const __half>, cublasGemvTensorStridedBatched<const __half>, cublasGemvTensorStridedBatched<__half>, float>>(T13)"
0.0,207104,34,6091.3,1440.0,1152,19616,7807.4,triton_red_fused_1
0.0,187457,204,918.9,896.5,896,1376,54.2,"void at::native::vectorized_elementwise_kernel<(int)4, at::native::FillFunctor<float>, std::array<char *, (unsigned long)1>>(int, T2, T3)"
0.0,173953,34,5116.3,1936.0,1760,15104,5092.5,triton_red_fused__to_copy_embedding_marlin_gemm_rms_norm_0
0.0,173920,34,5115.3,1936.0,1728,15232,5375.8,triton_red_fused__to_copy_add_mean_mul_pow_rsqrt_1
0.0,139168,34,4093.2,1520.0,1344,12064,4246.2,triton_poi_fused_2
0.0,27297,4,6824.3,6864.0,6624,6945,139.5,"void at_cuda_detail::cub::DeviceRadixSortOnesweepKernel<at_cuda_detail::cub::DeviceRadixSortPolicy<float, at::cuda::cub::detail::OpaqueType<(int)8>, unsigned long long>::Policy900, (bool)0, float, at::cuda::cub::detail::OpaqueType<(int)8>, unsigned long long, int, int, at_cuda_detail::cub::detail::identity_decomposer_t>(T7 *, T7 *, T5 *, const T5 *, T3 *, const T3 *, T4 *, const T4 *, T6, int, int, T8)"
0.0,20608,10,2060.8,1600.0,1536,6080,1413.7,"void at::native::_scatter_gather_elementwise_kernel<(int)128, (int)8, void at::native::_cuda_scatter_gather_internal_kernel<(bool)1, at::native::OpaqueType<(int)4>, long>::operator ()<at::native::TensorAssign>(at::TensorIterator &, long, long, long, const T1 &)::[lambda(int) (instance 1)]>(int, T3)"
0.0,13472,1,13472.0,13472.0,13472,13472,0.0,"void at::native::<unnamed>::CatArrayBatchedCopy_vectorized<at::native::<unnamed>::OpaqueType<(unsigned int)4>, unsigned int, (int)2, (int)128, (int)1, (int)16, (int)4>(char *, at::native::<unnamed>::CatArrInputTensorMetadata<T1, T2, T4, T5>, at::native::<unnamed>::TensorSizeStride<T2, (unsigned int)4>, int, T2)"
0.0,8704,10,870.4,864.0,832,896,20.2,"void at::native::unrolled_elementwise_kernel<at::native::FillFunctor<int>, std::array<char *, (unsigned long)1>, (int)4, TrivialOffsetCalculator<(int)0, unsigned int>, TrivialOffsetCalculator<(int)1, unsigned int>, at::native::memory::LoadWithoutCast, at::native::memory::StoreWithoutCast>(int, T1, T2, T4, T5, T6, T7)"
0.0,8096,1,8096.0,8096.0,8096,8096,0.0,"void at::native::vectorized_elementwise_kernel<(int)4, at::native::float16_copy_kernel_cuda(at::TensorIteratorBase &)::[lambda(float) (instance 1)], std::array<char *, (unsigned long)2>>(int, T2, T3)"
0.0,7008,1,7008.0,7008.0,7008,7008,0.0,"void at::native::vectorized_elementwise_kernel<(int)4, at::native::sin_kernel_cuda(at::TensorIteratorBase &)::[lambda() (instance 2)]::operator ()() const::[lambda() (instance 2)]::operator ()() const::[lambda(float) (instance 1)], std::array<char *, (unsigned long)2>>(int, T2, T3)"
0.0,6944,1,6944.0,6944.0,6944,6944,0.0,"void at::native::vectorized_elementwise_kernel<(int)4, at::native::cos_kernel_cuda(at::TensorIteratorBase &)::[lambda() (instance 2)]::operator ()() const::[lambda() (instance 2)]::operator ()() const::[lambda(float) (instance 1)], std::array<char *, (unsigned long)2>>(int, T2, T3)"
0.0,6752,1,6752.0,6752.0,6752,6752,0.0,"void at::native::elementwise_kernel<(int)128, (int)2, void at::native::gpu_kernel_impl_nocast<at::native::BinaryFunctor<float, float, float, at::native::binary_internal::MulFunctor<float>>>(at::TensorIteratorBase &, const T1 &)::[lambda(int) (instance 1)]>(int, T3)"
0.0,5504,4,1376.0,1408.0,1280,1408,64.0,"void at::native::vectorized_elementwise_kernel<(int)4, void at::native::compare_scalar_kernel<float>(at::TensorIteratorBase &, at::native::<unnamed>::OpType, T1)::[lambda(float) (instance 1)], std::array<char *, (unsigned long)2>>(int, T2, T3)"
0.0,4064,2,2032.0,2032.0,1984,2080,67.9,"void at::native::elementwise_kernel<(int)128, (int)4, void at::native::gpu_kernel_impl_nocast<at::native::<unnamed>::CompareFunctor<float>>(at::TensorIteratorBase &, const T1 &)::[lambda(int) (instance 1)]>(int, T3)"
0.0,3424,3,1141.3,1056.0,960,1408,235.9,"void at::native::vectorized_elementwise_kernel<(int)4, at::native::FillFunctor<bool>, std::array<char *, (unsigned long)1>>(int, T2, T3)"
0.0,3424,4,856.0,864.0,832,864,16.0,"void at::native::unrolled_elementwise_kernel<at::native::FillFunctor<long>, std::array<char *, (unsigned long)1>, (int)4, TrivialOffsetCalculator<(int)0, unsigned int>, TrivialOffsetCalculator<(int)1, unsigned int>, at::native::memory::LoadWithoutCast, at::native::memory::StoreWithoutCast>(int, T1, T2, T4, T5, T6, T7)"
0.0,3328,2,1664.0,1664.0,1664,1664,0.0,"void at::native::<unnamed>::distribution_elementwise_grid_stride_kernel<float, (int)4, void at::native::templates::cuda::uniform_and_transform<c10::Half, float, at::CUDAGeneratorImpl *, void at::native::templates::cuda::uniform_kernel<at::CUDAGeneratorImpl *>(at::TensorIteratorBase &, double, double, T1)::[lambda() (instance 1)]::operator ()() const::[lambda() (instance 3)]::operator ()() const::[lambda(float) (instance 1)]>(at::TensorIteratorBase &, T3, T4)::[lambda(curandStatePhilox4_32_10 *) (instance 2)], void at::native::<unnamed>::distribution_nullary_kernel<c10::Half, float, float4, at::CUDAGeneratorImpl *, void at::native::templates::cuda::uniform_and_transform<c10::Half, float, at::CUDAGeneratorImpl *, void at::native::templates::cuda::uniform_kernel<at::CUDAGeneratorImpl *>(at::TensorIteratorBase &, double, double, T1)::[lambda() (instance 1)]::operator ()() const::[lambda() (instance 3)]::operator ()() const::[lambda(float) (instance 1)]>(at::TensorIteratorBase &, T3, T4)::[lambda(curandStatePhilox4_32_10 *) (instance 2)], void at::native::templates::cuda::uniform_kernel<at::CUDAGeneratorImpl *>(at::TensorIteratorBase &, double, double, T1)::[lambda() (instance 1)]::operator ()() const::[lambda() (instance 3)]::operator ()() const::[lambda(float) (instance 1)]>(at::TensorIteratorBase &, T4, const T5 &, T6)::[lambda(int, float) (instance 1)]>(long, at::PhiloxCudaState, T3, T4)"
0.0,3200,1,3200.0,3200.0,3200,3200,0.0,"void at_cuda_detail::cub::DeviceRadixSortHistogramKernel<at_cuda_detail::cub::DeviceRadixSortPolicy<float, at::cuda::cub::detail::OpaqueType<(int)8>, unsigned long long>::Policy900, (bool)0, float, unsigned long long, at_cuda_detail::cub::detail::identity_decomposer_t>(T4 *, const T3 *, T4, int, int, T5)"
0.0,3168,1,3168.0,3168.0,3168,3168,0.0,"void at_cuda_detail::cub::DeviceScanKernel<at_cuda_detail::cub::DeviceScanPolicy<float, std::plus<float>>::Policy900, const float *, float *, at_cuda_detail::cub::ScanTileState<float, (bool)1>, std::plus<float>, at_cuda_detail::cub::NullType, unsigned int, float, (bool)0>(T2, T3, T4, int, T5, T6, T7)"
0.0,2784,2,1392.0,1392.0,1344,1440,67.9,"void at::native::elementwise_kernel<(int)128, (int)2, void at::native::gpu_kernel_impl_nocast<at::native::<unnamed>::where_kernel_impl(at::TensorIterator &)::[lambda() (instance 1)]::operator ()() const::[lambda() (instance 11)]::operator ()() const::[lambda(bool, float, float) (instance 1)]>(at::TensorIteratorBase &, const T1 &)::[lambda(int) (instance 1)]>(int, T3)"
0.0,2752,2,1376.0,1376.0,1312,1440,90.5,"void at::native::vectorized_elementwise_kernel<(int)4, at::native::<unnamed>::masked_fill_kernel(at::TensorIterator &, const c10::Scalar &)::[lambda() (instance 1)]::operator ()() const::[lambda() (instance 7)]::operator ()() const::[lambda(float, bool) (instance 1)], std::array<char *, (unsigned long)3>>(int, T2, T3)"
0.0,2528,2,1264.0,1264.0,1216,1312,67.9,"void at::native::vectorized_elementwise_kernel<(int)2, at::native::<unnamed>::where_kernel_impl(at::TensorIterator &)::[lambda() (instance 1)]::operator ()() const::[lambda() (instance 8)]::operator ()() const::[lambda(bool, long, long) (instance 1)], std::array<char *, (unsigned long)4>>(int, T2, T3)"
0.0,2368,1,2368.0,2368.0,2368,2368,0.0,"void at::native::elementwise_kernel<(int)128, (int)4, void at::native::gpu_kernel_impl<at::native::<unnamed>::pow_tensor_tensor_kernel(at::TensorIteratorBase &)::[lambda() (instance 1)]::operator ()() const::[lambda() (instance 7)]::operator ()() const::[lambda(float, float) (instance 1)]>(at::TensorIteratorBase &, const T1 &)::[lambda(int) (instance 1)]>(int, T3)"
0.0,2176,2,1088.0,1088.0,896,1280,271.5,"void <unnamed>::elementwise_kernel_with_index<int, at::native::arange_cuda_out(const c10::Scalar &, const c10::Scalar &, const c10::Scalar &, at::Tensor &)::[lambda() (instance 1)]::operator ()() const::[lambda() (instance 7)]::operator ()() const::[lambda(long) (instance 1)]>(T1, T2, function_traits<T2>::result_type *)"
0.0,1728,1,1728.0,1728.0,1728,1728,0.0,"at::native::<unnamed>::fill_reverse_indices_kernel(long *, int, at::cuda::detail::IntDivider<unsigned int>)"
0.0,1472,1,1472.0,1472.0,1472,1472,0.0,"void at::native::_scatter_gather_elementwise_kernel<(int)128, (int)8, void at::native::_cuda_scatter_gather_internal_kernel<(bool)0, at::native::OpaqueType<(int)4>, long>::operator ()<at::native::TensorAssign>(at::TensorIterator &, long, long, long, const T1 &)::[lambda(int) (instance 1)]>(int, T3)"
0.0,1248,1,1248.0,1248.0,1248,1248,0.0,"void at::native::vectorized_elementwise_kernel<(int)4, at::native::reciprocal_kernel_cuda(at::TensorIteratorBase &)::[lambda() (instance 1)]::operator ()() const::[lambda() (instance 2)]::operator ()() const::[lambda(float) (instance 1)], std::array<char *, (unsigned long)2>>(int, T2, T3)"
0.0,1216,1,1216.0,1216.0,1216,1216,0.0,"void at_cuda_detail::cub::DeviceRadixSortExclusiveSumKernel<at_cuda_detail::cub::DeviceRadixSortPolicy<float, at::cuda::cub::detail::OpaqueType<(int)8>, unsigned long long>::Policy900, unsigned long long>(T2 *)"
0.0,1184,1,1184.0,1184.0,1184,1184,0.0,"void at::native::vectorized_elementwise_kernel<(int)4, at::native::CUDAFunctorOnOther_add<float>, std::array<char *, (unsigned long)2>>(int, T2, T3)"
0.0,1120,1,1120.0,1120.0,1120,1120,0.0,"void at::native::vectorized_elementwise_kernel<(int)2, at::native::CUDAFunctorOnOther_add<long>, std::array<char *, (unsigned long)2>>(int, T2, T3)"
0.0,1088,1,1088.0,1088.0,1088,1088,0.0,"void at::native::vectorized_elementwise_kernel<(int)4, at::native::AUnaryFunctor<float, float, float, at::native::binary_internal::MulFunctor<float>>, std::array<char *, (unsigned long)2>>(int, T2, T3)"
0.0,1056,1,1056.0,1056.0,1056,1056,0.0,"void at::native::vectorized_elementwise_kernel<(int)4, at::native::BUnaryFunctor<float, float, float, at::native::binary_internal::MulFunctor<float>>, std::array<char *, (unsigned long)2>>(int, T2, T3)"
0.0,960,1,960.0,960.0,960,960,0.0,"void at::native::vectorized_elementwise_kernel<(int)2, at::native::FillFunctor<double>, std::array<char *, (unsigned long)1>>(int, T2, T3)"
0.0,897,1,897.0,897.0,897,897,0.0,"void at_cuda_detail::cub::DeviceScanInitKernel<at_cuda_detail::cub::ScanTileState<float, (bool)1>>(T1, int)"
0.0,896,1,896.0,896.0,896,896,0.0,"void at::native::unrolled_elementwise_kernel<at::native::FillFunctor<bool>, std::array<char *, (unsigned long)1>, (int)4, TrivialOffsetCalculator<(int)0, unsigned int>, TrivialOffsetCalculator<(int)1, unsigned int>, at::native::memory::LoadWithoutCast, at::native::memory::StoreWithoutCast>(int, T1, T2, T4, T5, T6, T7)"
